{
    "version": "2023-08-31",
    "name": "meta-llama-Llama-2-7b-chat-hf_550_150_summary",
    "model": "meta-llama/Llama-2-7b-chat-hf",
    "mean_input_tokens": 550,
    "stddev_input_tokens": 150,
    "mean_output_tokens": 150,
    "stddev_output_tokens": 10,
    "num_concurrent_requests": 3,
    "results_inter_token_latency_s_quantiles_p25": 0.13723571265183196,
    "results_inter_token_latency_s_quantiles_p50": 0.16734319896371697,
    "results_inter_token_latency_s_quantiles_p75": 0.19745068527560197,
    "results_inter_token_latency_s_quantiles_p90": 0.215515177062733,
    "results_inter_token_latency_s_quantiles_p95": 0.22153667432510998,
    "results_inter_token_latency_s_quantiles_p99": 0.22635387213501157,
    "results_inter_token_latency_s_mean": 0.16734319896371697,
    "results_inter_token_latency_s_min": 0.10712822633994697,
    "results_inter_token_latency_s_max": 0.22755817158748698,
    "results_inter_token_latency_s_stddev": 0.08515683094246017,
    "results_ttft_s_quantiles_p25": 9.161582083499525,
    "results_ttft_s_quantiles_p50": 13.380691874999684,
    "results_ttft_s_quantiles_p75": 17.599801666499843,
    "results_ttft_s_quantiles_p90": 20.13126754139994,
    "results_ttft_s_quantiles_p95": 20.97508949969997,
    "results_ttft_s_quantiles_p99": 21.650147066339997,
    "results_ttft_s_mean": 13.380691874999684,
    "results_ttft_s_min": 4.9424722919993656,
    "results_ttft_s_max": 21.818911458000002,
    "results_ttft_s_stddev": 11.933444576561293,
    "results_end_to_end_latency_s_quantiles_p25": 20.432419823250257,
    "results_end_to_end_latency_s_quantiles_p50": 24.470517937500517,
    "results_end_to_end_latency_s_quantiles_p75": 28.508616051750778,
    "results_end_to_end_latency_s_quantiles_p90": 30.931474920300936,
    "results_end_to_end_latency_s_quantiles_p95": 31.739094543150987,
    "results_end_to_end_latency_s_quantiles_p99": 32.385190241431026,
    "results_end_to_end_latency_s_mean": 24.470517937500517,
    "results_end_to_end_latency_s_min": 16.394321708999996,
    "results_end_to_end_latency_s_max": 32.54671416600104,
    "results_end_to_end_latency_s_stddev": 11.421466238731877,
    "results_request_output_throughput_token_per_s_quantiles_p25": 5.628388411399216,
    "results_request_output_throughput_token_per_s_quantiles_p50": 6.86309212483956,
    "results_request_output_throughput_token_per_s_quantiles_p75": 8.097795838279904,
    "results_request_output_throughput_token_per_s_quantiles_p90": 8.838618066344111,
    "results_request_output_throughput_token_per_s_quantiles_p95": 9.085558809032179,
    "results_request_output_throughput_token_per_s_quantiles_p99": 9.283111403182634,
    "results_request_output_throughput_token_per_s_mean": 6.86309212483956,
    "results_request_output_throughput_token_per_s_min": 4.3936846979588715,
    "results_request_output_throughput_token_per_s_max": 9.332499551720248,
    "results_request_output_throughput_token_per_s_stddev": 3.492269474119517,
    "results_number_input_tokens_quantiles_p25": 548.75,
    "results_number_input_tokens_quantiles_p50": 559.5,
    "results_number_input_tokens_quantiles_p75": 570.25,
    "results_number_input_tokens_quantiles_p90": 576.7,
    "results_number_input_tokens_quantiles_p95": 578.85,
    "results_number_input_tokens_quantiles_p99": 580.57,
    "results_number_input_tokens_mean": 559.5,
    "results_number_input_tokens_min": "538",
    "results_number_input_tokens_max": "581",
    "results_number_input_tokens_stddev": 30.405591591021544,
    "results_number_output_tokens_quantiles_p25": 145.5,
    "results_number_output_tokens_quantiles_p50": 148.0,
    "results_number_output_tokens_quantiles_p75": 150.5,
    "results_number_output_tokens_quantiles_p90": 152.0,
    "results_number_output_tokens_quantiles_p95": 152.5,
    "results_number_output_tokens_quantiles_p99": 152.9,
    "results_number_output_tokens_mean": 148.0,
    "results_number_output_tokens_min": "143",
    "results_number_output_tokens_max": "153",
    "results_number_output_tokens_stddev": 7.0710678118654755,
    "results_num_requests_started": 2,
    "results_error_rate": 0.0,
    "results_number_errors": 0,
    "results_error_code_frequency": "{}",
    "results_mean_output_throughput_token_per_s": 4.493054265583841,
    "results_num_completed_requests": 2,
    "results_num_completed_requests_per_min": 1.8215084860475033,
    "timestamp": 1744487152
}